{"cameraMode":{"drawMode":0,"name":"Shaded","section":"Shading Mode"},"sceneLighting":true,"audioPlay":false,"sceneViewState":{"showFog":true,"showMaterialUpdate":true,"showSkybox":true,"showFlares":true,"showImageEffects":true,"showParticleSystems":true},"in2DMode":false,"pivot":{"x":5.222858905792236,"y":1.3157932758331299,"z":0.23482012748718263},"rotation":{"x":-0.07639317214488983,"y":-0.6935307383537293,"z":0.07435901463031769,"w":-0.7125083208084106},"size":10.0,"orthographic":false}